timestamp,DIRECT-CF-HP OfficeJet Pro 9120e,DIRECT-D5-HP OfficeJet Pro 9730e,HH71VM_EF45_2.4G,ITA,KNATWH,KNGUEST,KnEmeaMD1,KuehneNagel,MCW,MEDIC,MEW,MGS,MOKI,MOKI-5G_EXT,Net-P,ZTE_5GCPE_749D,ZTE_5GCPE_749D_5G,mimm_activeshuttle_24,mimm_activeshuttle_50,nkceWarehouseA
2026-05-18 08:29:19,,,,,,,,,-56,-68,-58,-57,-76,-87,-70,,-84,,,
2026-05-18 08:29:28,,,,,,,-85,,-63,-68,-62,-63,-85,-86,-71,-76,-84,,,
2026-05-18 08:29:40,,,,,,,-85,,-59,-74,-60,-59,-88,-86,-78,-75,-86,,,
2026-05-18 08:29:48,,,,,,,-85,,-53,-64,-54,-53,-88,-86,-71,-75,-86,,,
2026-05-18 08:29:57,,,,,,,-85,,-57,-66,-57,-53,-89,-85,-66,-75,-79,,,
2026-05-18 08:30:05,,,,,,,-85,,-47,-66,-48,-47,-75,-84,-65,-75,-80,,,
2026-05-18 08:30:13,,,,,,,-85,,-47,-75,-48,-47,-75,-85,-69,-68,-78,,,
2026-05-18 08:30:21,,,,,,-82,-83,,-47,-63,-48,-47,-75,-84,-71,-68,-82,,,
2026-05-18 08:30:30,,,,,,-82,-83,,-55,-64,-55,-47,-84,-76,-66,-68,-83,,,
2026-05-18 08:30:38,,,,,,-82,-83,-88,-60,-69,-60,-60,-76,-82,-65,-71,-75,,,
2026-05-18 08:30:47,,-83,-89,-88,-83,-82,-83,-88,-60,-65,-60,-60,-76,-83,-61,-68,-72,,,-87
2026-05-18 08:30:55,-86,-83,-89,-88,-83,-82,-83,-88,-60,-67,-60,-60,-86,-84,-61,-66,-79,,,-87
2026-05-18 08:31:04,-86,-89,-89,-88,-86,-82,-83,-86,-76,-71,-60,-75,-87,-85,-61,-74,-75,,,-87
2026-05-18 08:31:12,-86,-89,-89,-88,-85,-82,-83,-85,-76,-68,-60,-75,-87,-85,-66,-71,-81,,,-87
2026-05-18 08:31:20,-86,-89,-89,-88,-80,-82,-83,-80,-62,-77,-62,-62,-87,-83,-75,-72,-79,,,-88
2026-05-18 08:31:29,-86,-89,-89,-88,-80,-82,-83,-80,-62,-60,-62,-62,-87,-87,-75,-57,-67,,,-88
2026-05-18 08:31:37,-87,-89,-89,-88,-80,-82,-83,-80,-62,-59,-62,-62,-87,-87,-58,-64,-75,,,-88
2026-05-18 08:31:46,-87,-89,-89,-88,-80,-82,-83,-80,-62,-62,-62,-62,-87,-87,-60,-71,-66,,,-88
2026-05-18 08:31:54,-87,-89,-89,-88,-80,-82,-83,-80,-60,-56,-60,-61,-83,-86,-60,-72,-75,,,-87
2026-05-18 08:32:03,-87,-89,-89,-70,-80,-76,-83,-80,-51,-50,-50,-54,-83,-82,-75,-72,-89,,,-87
2026-05-18 08:32:11,-87,-89,-89,-70,-80,-79,-78,-80,-51,-50,-50,-54,-83,-78,-74,-76,-84,,,-87
2026-05-18 08:32:19,-87,-89,-89,-81,-80,-79,-78,-80,-48,-58,-49,-44,-73,-81,-72,-81,-89,,,-87
2026-05-18 08:32:28,-87,-80,-89,-77,-80,-85,-78,-80,-48,-53,-49,-51,-72,-79,-81,-77,-84,,,-87
2026-05-18 08:32:36,-87,-80,-73,-75,-80,-74,-75,-80,-48,-50,-49,-51,-73,-80,-72,-81,-85,,,-87
2026-05-18 08:32:45,-87,-80,-73,-75,-80,-74,-70,-80,-37,-44,-37,-36,-73,-81,-76,-78,-83,,,-87
2026-05-18 08:47:38,,,,,,,,,-59,-71,-60,-60,,-85,-72,-80,-83,-45,-46,
2026-05-18 08:47:47,,,,,,,,,-59,-65,-58,-59,,-85,-72,-73,-86,-43,-53,
2026-05-18 08:47:55,,,,,,,,,-59,-71,-59,-59,,-85,-72,-79,-83,-43,-46,
2026-05-18 08:48:03,,,,,,,,,-56,-64,-56,-56,-80,-85,-75,-79,-84,-45,-55,
2026-05-18 08:48:12,,,,,,,,,-61,-68,-56,-61,-79,-85,-73,-80,-82,-44,-46,
2026-05-18 08:48:20,,,,,,,,,-59,-62,-57,-59,-77,-85,-75,-80,-82,-44,-55,
2026-05-18 08:48:28,,,,,,,-83,-84,-60,-70,-60,-59,-81,-84,-68,-80,-82,-44,-46,-83
2026-05-18 08:48:37,,,,,,,-83,-84,-60,-70,-60,-59,-81,-84,-68,-80,-82,-43,-46,-83
2026-05-18 08:48:45,,,,,,,-83,-84,-57,-70,-56,-58,-80,-84,-76,-71,-82,-44,-55,-83
2026-05-18 08:48:53,,,,,,,-83,-84,-57,-70,-56,-58,-80,-84,-76,-71,-82,-44,-55,-83
2026-05-18 08:49:02,,,,,,,-83,-84,-59,-68,-59,-61,-80,-86,-76,-71,-84,-44,-46,-83
2026-05-18 08:49:10,,,,,,,-83,-84,-59,-68,-59,-61,-80,-86,-76,-71,-84,-45,-46,-83
2026-05-18 08:49:18,,,,,,,-83,-84,-59,-62,-57,-61,-80,-86,-72,-73,-84,-44,-55,-83
2026-05-18 08:49:27,,,,,,,-83,-84,-60,-71,-61,-61,-80,-87,-70,-79,-82,-44,-46,-78
2026-05-18 08:49:35,,,,,,,-83,-84,-55,-64,-55,-56,-80,-87,-71,-72,-82,-44,-53,-78
2026-05-18 08:49:43,,,,,,,-83,-84,-60,-70,-59,-59,-81,-86,-74,-78,-81,-44,-45,-78
2026-05-18 08:49:52,,,,,,,-83,-84,-60,-70,-59,-59,-81,-86,-74,-78,-81,-44,-45,-78
2026-05-18 08:50:00,,,,,,,-83,-84,-62,-58,-64,-62,-81,-86,-72,-74,-81,-46,-55,-78
2026-05-18 08:50:08,,,,,,,-83,-84,-62,-58,-64,-62,-81,-86,-72,-74,-81,-42,-55,-78
2026-05-18 08:50:17,,,,,,,-83,-84,-66,-58,-66,-56,-81,-87,-70,-74,-78,-45,-45,-78
2026-05-18 08:50:25,,,,,,,-83,-84,-66,-66,-65,-64,-82,-87,-82,-72,-84,-44,-56,-78
2026-05-18 09:07:27,,,,,,,,,-62,-64,-62,-61,-76,,-82,-70,,-38,-54,
2026-05-18 09:07:30,,,,,,,,,-62,-64,-62,-61,-76,,-82,-70,,-38,-54,
2026-05-18 09:07:33,,,,,,,,,-62,-64,-62,-61,-76,,-82,-70,,-38,-54,
2026-05-18 09:07:36,,,,,,,,,-62,-64,-62,-61,-76,-85,-68,-83,-82,-45,-47,
2026-05-18 09:07:40,,,,,,,,,-62,-64,-62,-61,-76,-85,-68,-83,-82,-45,-47,
2026-05-18 09:07:43,,,,,,,,,-62,-64,-62,-61,-76,-85,-68,-83,-82,-45,-47,
2026-05-18 09:07:46,,,,,,,,,-62,-64,-59,-60,-76,-85,-68,-72,-82,-38,-52,
2026-05-18 09:07:50,,,,,,,,,-71,-65,-64,-71,-83,-84,-75,-72,-83,-44,-45,
2026-05-18 09:07:53,,,,,,,,,-71,-65,-64,-71,-83,-84,-75,-72,-83,-44,-45,
2026-05-18 09:07:56,,,,,,,,,-71,-65,-64,-71,-83,-84,-75,-72,-83,-44,-45,
2026-05-18 09:07:59,,,,,,,,,-64,-62,-60,-63,-77,-84,-80,-73,-83,-41,-54,
2026-05-18 09:08:03,,,,,,,,,-64,-62,-60,-63,-77,-84,-80,-73,-83,-41,-54,
2026-05-18 09:08:06,,,,,,,,,-64,-62,-60,-63,-77,-84,-80,-73,-83,-41,-54,
2026-05-18 09:08:09,,,,,,,,,-69,-66,-64,-69,-86,-85,-71,-73,-81,-46,-46,
2026-05-18 09:08:13,,,,,,,,,-69,-63,-59,-68,-75,-85,-76,-73,-81,-38,-55,
2026-05-18 09:08:16,,,,,,,,,-69,-63,-59,-68,-75,-85,-76,-73,-81,-38,-55,
2026-05-18 09:08:19,,,,,,,,,-69,-63,-59,-68,-75,-85,-76,-73,-81,-38,-55,
2026-05-18 09:08:22,,,,,,,,-82,-69,-72,-63,-68,-83,-85,-69,-73,-83,-47,-46,
2026-05-18 09:08:26,,,,,,,,-82,-63,-72,-60,-62,-83,-85,-76,-72,-83,-42,-55,
2026-05-18 09:08:29,,,,,,,,-82,-63,-72,-60,-62,-83,-85,-76,-72,-83,-42,-55,
2026-05-18 09:08:32,,,,,,,,-82,-63,-72,-60,-62,-83,-85,-76,-72,-83,-42,-55,
2026-05-18 09:08:36,,,,,,-83,,-82,-63,-73,-62,-62,-81,-86,-69,-72,-83,-46,-46,
2026-05-18 09:08:39,,,,,,-83,,-82,-64,-63,-59,-66,-77,-85,-75,-78,-83,-43,-54,
2026-05-18 09:08:42,,,,,,-83,,-82,-68,-73,-62,-68,-83,-85,-66,-78,-85,-46,-45,
2026-05-18 09:08:46,,,,,,-83,,-82,-68,-63,-60,-69,-83,-85,-77,-75,-85,-42,-55,
2026-05-18 09:08:49,,,,,,-83,,-82,-68,-63,-60,-69,-83,-85,-77,-75,-85,-42,-55,
2026-05-18 09:08:52,,,,,,-83,,-82,-68,-63,-60,-69,-83,-85,-77,-75,-85,-42,-55,
2026-05-18 09:08:56,,,,,,-83,,-82,-65,-74,-61,-65,-83,-85,-68,-75,-85,-43,-45,
2026-05-18 09:08:59,,,,,,-83,,-82,-65,-74,-61,-65,-83,-85,-68,-75,-85,-43,-45,
2026-05-18 09:09:02,,,,,,-83,,-82,-65,-74,-61,-65,-83,-85,-68,-75,-85,-43,-45,
2026-05-18 09:09:06,,,,,,-83,,-82,-67,-64,-60,-68,-76,-85,-76,-75,-85,-40,-54,
2026-05-18 09:09:09,,,,,,-83,,-82,-65,-73,-64,-66,-83,-84,-74,-81,-86,-44,-46,
2026-05-18 09:09:12,,,,,,-83,,-82,-65,-73,-64,-66,-83,-84,-74,-81,-86,-44,-46,
2026-05-18 09:09:15,,,,,,-83,,-82,-65,-73,-64,-66,-83,-84,-74,-81,-86,-44,-46,
